categorie,nom,domaine,nombre_avis,note_trustscore,lien
electronics_technology,Flashbay,Business to Business Service,18712,5.0,www.flashbay.com
electronics_technology,SellLocked.com,Electronics Store,2301,5.0,selllocked.com
electronics_technology,ArmadaBoost | Gaming Marketplace,Hobby Store,1988,5.0,armadaboost.com
electronics_technology,Bloom Audio,Electronics Store,1717,5.0,bloomaudio.com
electronics_technology,ScalaHosting,Email Service Provider,1547,5.0,www.scalahosting.com
electronics_technology,DamnModz,Game Store,1446,5.0,damnmodz.com
electronics_technology,GoRoostr,Computer Store,924,5.0,goroostr.com
electronics_technology,KB3D LLC,Electronic Spare Parts and Components Store,593,5.0,kb-3d.com
electronics_technology,Big Sky Recycling,Cell Phone Recycling and Unlocking Service,322,5.0,bigskyrecycling.com
electronics_technology,B&H Photo-Video,Photo Shop,307844,4.9,www.bhphotovideo.com
electronics_technology,IGGM,Internet Shop,31352,4.9,iggm.com
electronics_technology,Softwarekeep,Computer Service,6841,4.9,softwarekeep.com
electronics_technology,Poecurrency,Video Game Store,5777,4.9,poecurrency.com
electronics_technology,Campbell Miller Tools,Storage Facility,5568,4.9,campbellmillertools.co.uk
electronics_technology,ACityDiscount,Wholesaler Household Appliances,4736,4.9,www.acitydiscount.com
electronics_technology,StudentDiscounts.com,Software Company,3562,4.9,studentdiscounts.com
electronics_technology,Headphones.com,Hi-fi shop,3404,4.9,www.headphones.com
electronics_technology,macs4u.com,Computer Store,3211,4.9,www.macs4u.com
electronics_technology,ASAP Utilities,Computer Accessories Store,2842,4.9,asap-utilities.com
electronics_technology,Tech Center Plus,Computer Service,2254,4.9,techcenterplus.com
electronics_technology,Setmore,Business to Business Service,2157,4.9,setmore.com
electronics_technology,TrickyPhotoshop,Photo Agency,1952,4.9,tricky-photoshop.com
electronics_technology,TadiBrothers,Electronics Store,1920,4.9,www.tadibrothers.com
electronics_technology,"TherapyNotes, LLC",Business to Business Service,1887,4.9,therapynotes.com
electronics_technology,Marcaria.com,Attorney Referral Service,1747,4.9,marcaria.com
electronics_technology,Turtle Beach,Gaming service Provider,1676,4.9,www.turtlebeach.com
electronics_technology,Optimus Tracker,Electronics Store,1494,4.9,optimustracker.com
electronics_technology,USB Memory Direct,Drives and Storage Service,1393,4.9,www.usbmemorydirect.com
electronics_technology,SMTP2GO,Software Company,1362,4.9,www.smtp2go.com
electronics_technology,Humblefax,Fax Service,1275,4.9,humblefax.com
electronics_technology,Redragonshop,Computer Accessories Store,1266,4.9,www.redragonshop.com
electronics_technology,DriveSolutions.com,Drives and Storage Service,1143,4.9,www.drivesolutions.com
electronics_technology,WordPress Hosting and 24/7 Support WP FIX IT,Website Designer,1096,4.9,wpfixit.com
electronics_technology,Aperion Audio,Electronics Store,956,4.9,aperionaudio.com
electronics_technology,MotionVFX,Graphic Designer,789,4.9,www.motionvfx.com
electronics_technology,Jersey Watch,Business to Business Service,779,4.9,jerseywatch.com
electronics_technology,QR Code KIT,Software Company,767,4.9,qrcodekit.com
electronics_technology,Encore Data Products,Electronics Company,758,4.9,encoredataproducts.com
electronics_technology,Vaporbrothers,Aromatherapy Supply Store,735,4.9,vaporbrothers.com
electronics_technology,RK ROYAL KLUDGE,Computer Accessories Store,606,4.9,rkgamingstore.com
electronics_technology,CashForYourMac,Computer Service,582,4.9,cashforyourmac.com
electronics_technology,BuyOnTrust,Bags and Luggage Store,564,4.9,buyontrust.com
electronics_technology,Acratech,Electronics Store,369,4.9,acratech.net
electronics_technology,ESTAGE,Software Company,351,4.9,estage.com
electronics_technology,Specialty Answering Service,Telephone Answering Service,314,4.9,specialtyansweringservice.net
electronics_technology,CoConstruct | Construction Management Software,Custom Home Builder,302,4.9,www.coconstruct.com
electronics_technology,Sell That Cell,Cell Phone Recycling and Unlocking Service,268,4.9,sellthatcell.com
electronics_technology,Quality Macs,Computer Store,248,4.9,qualitymacs.com
electronics_technology,"Unitel | UniTel Voice, LLC",Phone and Internet Service,172,4.9,unitelvoice.com
electronics_technology,ValeryTrading,Software Company,167,4.9,valerytrading.com
electronics_technology,Superco 皇都電器,Mattress Store,167,4.9,superco.com
electronics_technology,MDDHosting,Web Hosting Company,165,4.9,mddhosting.com
electronics_technology,Notary Geek,Notaries Association,160,4.9,notarygeek.net
electronics_technology,Steady Stack,Software Company,141,4.9,www.steadystacksystem.com
electronics_technology,Cpid Server,Cell Phone Unlocking Service,122,4.9,cpidserver.com
electronics_technology,First Choice Buying,Electronics Store,121,4.9,firstchoicebuying.com
electronics_technology,MediaServe LLC,Email Service Provider,83,4.9,mediaserve.com
electronics_technology,Admin Columns,Software Company,78,4.9,admincolumns.com
electronics_technology,SwiftProMining™,Software Company,63,4.9,swiftpromining.org
electronics_technology,Swappa,Internet Shop,27634,4.8,swappa.com
electronics_technology,WowVendor,Computer Accessories Store,27316,4.8,wowvendor.com
electronics_technology,Gamers-Outlet.net - CD Keys,Video Game Store,20163,4.8,www.gamers-outlet.net
electronics_technology,Crutchfield,Home Theater Store,18405,4.8,www.crutchfield.com
electronics_technology,SiteGround,Business to Business Service,14827,4.8,www.siteground.com
electronics_technology,Porkbun,Internet Service Provider,8577,4.8,porkbun.com
electronics_technology,LEDSupply,Lighting Store,8011,4.8,ledsupply.com
electronics_technology,"Performance PC's, Inc.",Computer Store,7155,4.8,www.performance-pcs.com
electronics_technology,Anyword,Software Vendor,5540,4.8,anyword.com
electronics_technology,Mychoicesoftware,Telecommunications Service Provider,4690,4.8,mychoicesoftware.com
electronics_technology,Newair,Appliance Store,3429,4.8,newair.com
electronics_technology,Pawn America,Handyman,3399,4.8,www.pawnamerica.com
electronics_technology,Buzzsprout,Software Company,3152,4.8,buzzsprout.com
electronics_technology,The Neat Company,Cloud Computing Service,2359,4.8,neat.com
electronics_technology,GEEK STUDIO INC,Technical Service,2355,4.8,geekstudio.us
electronics_technology,Credit Repair Cloud,Software Company,2216,4.8,creditrepaircloud.com
electronics_technology,SunaRomania,Phone and Internet Service,1781,4.8,sunaromania.com
electronics_technology,HostPapa,Web Hosting Company,1705,4.8,www.hostpapa.com
electronics_technology,DiJiFi,Electronics Store,1428,4.8,dijifi.com
electronics_technology,VoIPstudio,Telecommunications Service Provider,1395,4.8,voipstudio.com
electronics_technology,MusicStoreLive,Musical Instrument Store,1277,4.8,musicstorelive.com
electronics_technology,DocHub,Electronics & Technology,1252,4.8,dochub.com
electronics_technology,SecureDataRecovery.com,Computer Repair Service,1217,4.8,securedatarecovery.com
electronics_technology,Pitbull Audio,Musical Instrument Store,1166,4.8,www.pitbullaudio.com
electronics_technology,WP Engine,Business to Business Service,1075,4.8,wpengine.com
electronics_technology,iPower Resale,Computer Store,1003,4.8,ipowerresale.com
electronics_technology,LANshack.com,Telecommunications Service Provider,986,4.8,www.lanshack.com
electronics_technology,Live Proxies,Software Company,778,4.8,liveproxies.io
electronics_technology,Online Notary Center ,Software Company,714,4.8,onlinenotarycenter.com
electronics_technology,"SimplyNUC, Inc.",Computer Accessories Store,677,4.8,simplynuc.com
electronics_technology,BetterSafeRadio.com,Hobby Store,665,4.8,bettersaferadio.com
electronics_technology,Libsyn Podcast Hosting,Software Company,646,4.8,libsyn.com
electronics_technology,DigitalKeysBox ,Computer Software Store,466,4.8,digitalkeysbox.com
electronics_technology,Lol-eloboosting,Computer Accessories Store,425,4.8,lol-eloboosting.com
electronics_technology,Serverpartdeals,Computer Accessories Store,422,4.8,serverpartdeals.com
electronics_technology,Buy Fire Alarm Parts,Electronic Parts Supplier,383,4.8,buyfirealarmparts.com
electronics_technology,MediaXpress,Electronics Store,382,4.8,www.mediaxpress.net
electronics_technology,Trusted Tech Team,Software Company,315,4.8,trustedtechteam.com
electronics_technology,"DomiDocs, Inc.",Software Company,275,4.8,domidocs.com
electronics_technology,TGModz,Software Company,270,4.8,tgmodz.com
electronics_technology,Selltechs,Electronics & Technology,245,4.8,selltechs.co.uk
electronics_technology,Lumilum,Lighting Manufacturer,233,4.8,lumilum.com
electronics_technology,RemotePass,Payment Service,189,4.8,remotepass.com
electronics_technology,Usenetserver,VPN Service,183,4.8,www.usenetserver.com
electronics_technology,TermsFeed,e-Commerce Solution Provider,180,4.8,termsfeed.com
electronics_technology,Future Audio Workshop,Software Company,168,4.8,futureaudioworkshop.com
electronics_technology,fitDEGREE,Business to Business Service,154,4.8,www.fitdegree.com
electronics_technology,TH3D Studio LLC,Technical Service,151,4.8,www.th3dstudio.com
electronics_technology,Web Trade-In LLC,Cell Phone Store,149,4.8,webtradein.com
electronics_technology,MarkUp,Software Vendor,138,4.8,markup.io
electronics_technology,Giemmebattery,Electronic Parts Supplier,104,4.8,www.giemmebattery.com
electronics_technology,Shopwithhustle,Clothing Store,95,4.8,shopwithhustle.com
electronics_technology,Deskr | Premium Quality Desk Accessories,Computer Accessories Store,69,4.8,deskr.co
electronics_technology,Throwlights,Audio Visual Equipment Supplier,67,4.8,throwlights.com
electronics_technology,Primelicense,Computer Software Store,66,4.8,primelicense.com
electronics_technology,Oddblox Minecraft Hosting,Internet Service Provider,65,4.8,oddblox.net
electronics_technology,Admiral Lake and Pond Restoration,Pond Supply Store,65,4.8,admirallakeandpondrestoration.com
electronics_technology,Topcalcs,Electronics Company,61,4.8,topcalcs.com
electronics_technology,"Bangert, Inc.",Accounting Software Company,57,4.8,bangertinc.com
electronics_technology,Retire-IT,Computer Security Service,54,4.8,retire-it.com
electronics_technology,EzyCourse,Software Company,49,4.8,ezycourse.com
electronics_technology,Plainly Legal™,Software Company,49,4.8,plainlylegal.com
electronics_technology,El Rey Del Software,Software Vendor,37,4.8,elreydelsoftware.com
electronics_technology,TotalAV,Computer Service,100790,4.7,totalav.com
electronics_technology,Nebraska Furniture Mart,Wholesaler Household Appliances,97946,4.7,nfm.com
electronics_technology,GoDaddy,Software Company,89310,4.7,www.godaddy.com
electronics_technology,Other World Computing,Electrical Wholesaler,32513,4.7,www.macsales.com
electronics_technology,Notarize,Notary Public,20426,4.7,notarize.com
electronics_technology,1Password - Password Manager,Cloud Storage Service,11232,4.7,1password.com
electronics_technology,DreamHost,Business to Business Service,5382,4.7,www.dreamhost.com
electronics_technology,World Wide Stereo,TV store,4257,4.7,worldwidestereo.com
electronics_technology,Jungle Scout,Software Company,3706,4.7,junglescout.com
electronics_technology,Primera Technology,Printing Equipment Supplier,3656,4.7,primera.com
electronics_technology,CB World,Electronics Store,3245,4.7,wearecb.com
electronics_technology,UnlockBoot,Electronics Store,3243,4.7,unlockboot.com
electronics_technology,MEATER,Electronics & Technology,3195,4.7,meater.com
electronics_technology,PayTomorrow,Electronics & Technology,3169,4.7,paytomorrow.com
electronics_technology,Projector People,TV store,3065,4.7,www.projectorpeople.com
electronics_technology,Maya Mobile,Mobile Network Operator,2877,4.7,maya.net
electronics_technology,WireCare.com,Electronic Parts Supplier,2765,4.7,wirecare.com
electronics_technology,FOREVER,Cloud Storage Service,2175,4.7,forever.com
electronics_technology,Recycled Software,Computer Software Store,2125,4.7,recycled-software.com
electronics_technology,Textedly,Business to Business Service,2096,4.7,textedly.com
electronics_technology,Moment,Tour Operator,2049,4.7,shopmoment.com
electronics_technology,Klymen,Electronics & Technology,1982,4.7,klymen.com
electronics_technology,Computer Discounts,Used Computer Store,1974,4.7,computerdiscounts.co.uk
electronics_technology,GlocalMe,Wi-Fi Spot,1845,4.7,glocalme.com
electronics_technology,Players Choice Videogames,Computer Accessories Store,1765,4.7,www.playerschoicevideogames.com
electronics_technology,Newshosting,VPN Service,1709,4.7,www.newshosting.com
electronics_technology,Mr. Supply,Electronics Store,1620,4.7,mrsupply.com
electronics_technology,MRI Software,Software Vendor,1616,4.7,www.mrisoftware.com
electronics_technology,Sparked Host,Gaming service Provider,1578,4.7,sparkedhost.com
electronics_technology,NameHero,Web Hosting Company,1357,4.7,namehero.com
electronics_technology,Passion.io,Software Company,1283,4.7,passion.io
electronics_technology,Tonerprice.com,Computer Accessories Store,1251,4.7,tonerprice.com
electronics_technology,RocketNode Hosting,Web Hosting Company,1172,4.7,rocketnode.com
electronics_technology,LlamaRepublicaDominicana.com,Telecommunications Service Provider,1077,4.7,llamarepublicadominicana.com
electronics_technology,ZeroBounce,e-Commerce Solution Provider,1059,4.7,www.zerobounce.net
electronics_technology,Repair Parts Inc By Air Filter Factory,Appliance Parts Supplier,926,4.7,repairpartsinc.com
electronics_technology,TechPayout,Cell Phone Recycling and Unlocking Service,863,4.7,techpayout.com
electronics_technology,OrangeHost,Web Hosting Company,833,4.7,orangehost.com
electronics_technology,vidIQ,Class,820,4.7,vidiq.com
electronics_technology,Theunitysoft,Computer Accessories Store,770,4.7,theunitysoft.com
electronics_technology,Solentro - print your own photo book or poster,Childrens Book Store,707,4.7,www.solentro.com
electronics_technology,FocusMe,Software Vendor,668,4.7,focusme.com
electronics_technology,Lively,Financial Institution,658,4.7,livelyme.com
electronics_technology,SuperLogics,Computer Hardware Manufacturer,606,4.7,www.superlogics.com
electronics_technology,Recovery Kings,Software Company,528,4.7,recoverykings.net
electronics_technology,Text-Em-All,Telecommunications Service Provider,503,4.7,text-em-all.com
electronics_technology,Winhost,Web Hosting Company,493,4.7,winhost.com
electronics_technology,Laptop Battery Shop,Electronics Store,334,4.7,laptop-battery-shop.com
electronics_technology,SoftwarePin,Software Company,315,4.7,softwarepin.com
electronics_technology,Namtuk,Software Company,313,4.7,automatic-email-manager.com
electronics_technology,Zeldacards,Electronics Store,291,4.7,www.zeldacards.com
electronics_technology,MMarine Online Inc,RV Supply Store,283,4.7,mmarineonline.com
electronics_technology,PhotoWhoa.com,Photographer,241,4.7,photowhoa.com
electronics_technology,"DirectDeals, LLC",Computer Accessories Store,238,4.7,directdeals.com
electronics_technology,jawa.gg,Used Computer Store,235,4.7,jawa.gg
electronics_technology,gamertech.shop,Computer Accessories Store,210,4.7,gamertech.shop
electronics_technology,TelephoneGhana.com,Telecommunications Service Provider,208,4.7,telephoneghana.com
electronics_technology,progeCAD,Computer Accessories Store,160,4.7,www.progecad.us
electronics_technology,EasyWP,Web Hosting Company,160,4.7,easywp.com
electronics_technology,RIP Speakers,Software Company,147,4.7,ripspeakers.com
electronics_technology,Altair Technology LLC,Electronics Company,123,4.7,altairtech.io
electronics_technology,Dachman Audio,Musical Instrument Store,122,4.7,dachmanaudio.com
electronics_technology,Hosturly,DNS Provider,119,4.7,hosturly.com
electronics_technology,Posh Virtual Receptionists,Business to Business Service,97,4.7,posh.com
electronics_technology,Teguar Computers,Computer Hardware Manufacturer,97,4.7,teguar.com
electronics_technology,RestoreCord,Data Recovery Service,95,4.7,restorecord.com
electronics_technology,Maclocks.com,Display Stand Manufacturer,90,4.7,maclocks.com
electronics_technology,Pronounce,English Language Instructor,80,4.7,getpronounce.com
electronics_technology,Mark's Appliance,Appliance Repair Service,60,4.7,marksappliance.com
electronics_technology,Webhostpython,Web Hosting Company,54,4.7,www.webhostpython.com
electronics_technology,Padlet,Software Company,52,4.7,padlet.com
electronics_technology,Web Design Marvel,Graphic Designer,50,4.7,webdesignmarvel.com
electronics_technology,NumLooker,Computer Service,42,4.7,numlooker.com
electronics_technology,BypassGPT,Software Company,41,4.7,bypassgpt.ai
electronics_technology,Join It,Software Company,37,4.7,joinit.com
electronics_technology,emailseller.net,Internet Marketing Service,34,4.7,emailseller.net
electronics_technology,Buy Boat Fridges,RV Supply Store,26,4.7,buyboatfridges.com
electronics_technology,Cabintech Global LLC,Electronics Store,26,4.7,cabintechglobal.com
electronics_technology,Rentcars,Search Engine Company,111717,4.6,rentcars.com
electronics_technology,doctorSIM,Cell Phone Unlocking Service,23699,4.6,doctorsim.com
electronics_technology,Hostinger,Web Hosting Company,23224,4.6,hostinger.com
electronics_technology,wix.com,Web Hosting Company,13845,4.6,www.wix.com
electronics_technology,Tello.com,Mobile Network Operator,10455,4.6,tello.com
electronics_technology,Fulton Fish Market,Seafood Market,8985,4.6,fultonfishmarket.com
electronics_technology,Webador,Web Hosting Company,8843,4.6,webador.com
electronics_technology,BisectHosting,Gaming service Provider,8369,4.6,bisecthosting.com
electronics_technology,Fonoma,Mobile Network Operator,8037,4.6,fonoma.com
electronics_technology,ECigMafia,Electronics Company,7502,4.6,ecigmafia.com
electronics_technology,Office Timeline,Computer Accessories Store,5449,4.6,www.officetimeline.com
electronics_technology,Patriot Mobile,Mobile Network Operator,5138,4.6,patriotmobile.com
electronics_technology,W. A. Production,Music Store,4803,4.6,waproduction.com
electronics_technology,Strobesnmore.com,Electronics Store,4414,4.6,strobesnmore.com
electronics_technology,Vaultek Safe,Electronics Store,4210,4.6,vaulteksafe.com
electronics_technology,Abes of Maine,Photo Shop,3729,4.6,www.abesofmaine.com
electronics_technology,iTrustCapital,Software Company,2825,4.6,itrustcapital.com
electronics_technology,Nextiva,Telecommunications Service Provider,2619,4.6,nextiva.com
electronics_technology,ctsounds.com,Electronics Company,2461,4.6,ctsounds.com
electronics_technology,StrongVPN,Internet Service Provider,2459,4.6,www.strongvpn.com
electronics_technology,NavePoint,Electronics Store,1967,4.6,navepoint.com
electronics_technology,YNAB,Software Company,1450,4.6,ynab.com
electronics_technology,Air Oasis,Electrical Appliance Wholesaler,1405,4.6,www.airoasis.com
electronics_technology,fields-data-recovery.com,Data Recovery Service,1164,4.6,fields-data-recovery.com
electronics_technology,Coilcraft,Electronics Store,1102,4.6,coilcraft.com
electronics_technology,Two Way Radio Gear,Electronics Store,1093,4.6,twowayradiogear.com
electronics_technology,Easynews,Internet Service Provider,1091,4.6,www.easynews.com
electronics_technology,Tithe.ly Church Giving & Engagement Platform,Software Company,1064,4.6,tithe.ly
electronics_technology,OfficeSuite,Software Company,1050,4.6,officesuite.com
electronics_technology,MedBridge,Home Health Care Service,789,4.6,medbridge.com
electronics_technology,Nexcess,Web Hosting Company,743,4.6,nexcess.net
electronics_technology,SSLs.com,Internet Shop,734,4.6,ssls.com
electronics_technology,SellGPU,Electronics Store,732,4.6,www.sellgpu.com
electronics_technology,Seedtime,Garden,623,4.6,seedtime.us
electronics_technology,Tech For Less,Software Company,568,4.6,www.techforless.com
electronics_technology,Tech Armor,Cell Phone Accessory Store,439,4.6,techarmor.com
electronics_technology,Raion Group,Battery Store,434,4.6,raiongroup.com
electronics_technology,MelonCube,Gaming service Provider,369,4.6,meloncube.net
electronics_technology,Safeyangstore,Internet Shop,356,4.6,safeyangstore.com
electronics_technology,SimpleTexting,Software Company,267,4.6,simpletexting.com
electronics_technology,Pingo.com,Telecommunications Service Provider,204,4.6,pingo.com
electronics_technology,REISift - Real Estate Sales and Marketing CRM,Software Company,188,4.6,reisift.io
electronics_technology,Merchandise Mecca,Electronics & Technology,187,4.6,merchandisemecca.com
electronics_technology,"Altrady | Multi Exchange, Smart Trading & Bots",Cryptocurrency Service,173,4.6,altrady.com
electronics_technology,Textline,Business to Business Service,154,4.6,textline.com
electronics_technology,Infinite Objects,Display Home Centre,126,4.6,infiniteobjects.com
electronics_technology,MileIQ,Electronics & Technology,117,4.6,mileiq.com
electronics_technology,Fizz,Software Company,111,4.6,joinfizz.com
electronics_technology,Rome Tech Cases,Cell Phone Accessory Store,102,4.6,rometechcases.com
electronics_technology,AnswerFirst,Telephone Answering Service,96,4.6,answerfirst.com
electronics_technology,KeyAuth,Security Service,88,4.6,keyauth.com
electronics_technology,Ultra Supply Co.,Computer Accessories Store,76,4.6,ultrasupplyco.com
electronics_technology,Divine,Software Vendor,75,4.6,divinemods.com
electronics_technology,Heatbit inc.,Electronics Company,68,4.6,heatbit.com
electronics_technology,Originalkeystore,Software Company,46,4.6,originalkeystore.com
electronics_technology,GoFormz,Web Collaboration Platform,45,4.6,goformz.com
electronics_technology,FastComments,Software Company,41,4.6,fastcomments.com
electronics_technology,BatteryStuff.com,Battery Store,40,4.6,batterystuff.com
electronics_technology,Undetectableai,Software Company,38,4.6,undetectableai.ai
electronics_technology,"PlasmaNodes, Hosting",Cloud Computing Service,36,4.6,plasmanodes.com
electronics_technology,HoboHost,Web Hosting Company,27,4.6,hobohost.com
electronics_technology,SIRUI,Camera Store,27,4.6,store.sirui.com
electronics_technology,Asurion,Gadget Insurance Company,102198,4.5,www.asurion.com
electronics_technology,IONOS | ionos.com,Web Hosting Company,19437,4.5,ionos.com
electronics_technology,FactoryOutletStore.com Reviews | Factory Outlet Store,Electronics Store,19090,4.5,www.factoryoutletstore.com
electronics_technology,Wisecars,Transportation Service,14117,4.5,www.wisecars.com
electronics_technology,Battdepot,Battery Store,12643,4.5,www.battdepot.com
electronics_technology,pdfFiller,Software Vendor,12581,4.5,pdffiller.com
electronics_technology,PC Sales Online,Software Company,10057,4.5,pcsalesonline.com
electronics_technology,Plesser's Appliance,Appliance Store,9988,4.5,plessers.com
electronics_technology,KeepCalling.com,Telecommunications Service Provider,9915,4.5,keepcalling.com
electronics_technology,Gaia,Electronics & Technology,9819,4.5,gaia.com
electronics_technology,MobileRecharge.com,Mobile Network Operator,8892,4.5,mobilerecharge.com
electronics_technology,Tailor Brands,Graphic Designer,6305,4.5,tailorbrands.com
electronics_technology,Prime Opinion,Software Company,6228,4.5,primeopinion.com
electronics_technology,HablaCuba.com,Mobile Network Operator,6210,4.5,hablacuba.com
electronics_technology,Dashlane,Computer Accessories Store,5670,4.5,www.dashlane.com
electronics_technology,Tenergy Power,Electronics Store,4808,4.5,power.tenergy.com
electronics_technology,PinZoo.com,Telecommunications Service Provider,4587,4.5,pinzoo.com
electronics_technology,QR.io,Software Company,4126,4.5,qr.io
electronics_technology,Sporty's Pilot Shop,Bags and Luggage Store,4005,4.5,sportys.com
electronics_technology,Genuine Replacement Parts,Appliance Parts Supplier,3411,4.5,genuinereplacementparts.com
electronics_technology,Buyback Boss,Cell Phone Store,3406,4.5,buybackboss.com
electronics_technology,Davek Umbrellas,Electronics & Technology,3313,4.5,davekny.com
electronics_technology,Teletrac Navman,Software Company,2888,4.5,teletracnavman.com
electronics_technology,Nomad eSIM,Phone and Internet Service,2870,4.5,www.getnomad.app
electronics_technology,PC Protect,Software Company,2001,4.5,pcprotect.com
electronics_technology,HablaMexico.com,Internet Service Provider,1998,4.5,hablamexico.com
electronics_technology,PDF Extra,Software Company,1514,4.5,pdfextra.com
electronics_technology,Cases.com,Cell Phone Accessory Store,1410,4.5,www.cases.com
electronics_technology,RingBritain.com,Telecommunications Service Provider,1396,4.5,ringbritain.com
electronics_technology,"Kickresume - AI Resume builder, AI Cover letter builder",Recruitment Service,1351,4.5,kickresume.com
electronics_technology,"Venta Air Technologies, Inc.",Home Goods Store,1327,4.5,venta-air.com
electronics_technology,TawagPinas.com,Telecommunications Service Provider,1286,4.5,tawagpinas.com
electronics_technology,TelephoneJamaica.com,Internet Service Provider,1231,4.5,telephonejamaica.com
electronics_technology,Liquid Web Inc.,Business to Business Service,1195,4.5,liquidweb.com
electronics_technology,Onset Computer Corporation,Electronics Company,1093,4.5,onsetcomp.com
electronics_technology,FlexScreen Retail,Screen Store,1074,4.5,flexscreenretail.com
electronics_technology,Microvisor Hood,Home Goods Store,1034,4.5,microvisorhood.com
electronics_technology,The Inverter Store,Battery Store,1028,4.5,theinverterstore.com
electronics_technology,Popl,Cell Phone Accessory Store,976,4.5,popl.co
electronics_technology,Clxgaming,Computer Hardware Manufacturer,931,4.5,clxgaming.com
electronics_technology,IdentityForce,Software Company,901,4.5,www.identityforce.com
electronics_technology,CzescPolska.com,Telecommunications Service Provider,878,4.5,czescpolska.com
electronics_technology,ClearVPN,VPN Service,851,4.5,clearvpn.com
electronics_technology,Jounce,Software Company,556,4.5,jounce.ai
electronics_technology,Shift (tryshift.com),Software Company,536,4.5,tryshift.com
electronics_technology,CoinTracker,Software Company,533,4.5,cointracker.io
electronics_technology,"Schock Logistics, Inc.",Computer Accessories Store,503,4.5,www.goschock.com
electronics_technology,Skip,Electronics & Technology,459,4.5,helloskip.com
electronics_technology,CharterUP,Software Vendor,458,4.5,charterup.com
electronics_technology,VPS.NET,Business to Business Service,356,4.5,www.vps.net
electronics_technology,DonorPerfect,Software Vendor,348,4.5,donorperfect.com
electronics_technology,Bitcoin Merch,Computer and Accessories Store,337,4.5,bitcoinmerch.com
electronics_technology,Extreme Meters,Fire Department Equipment Supplier,290,4.5,extrememeters.com
electronics_technology,Text Request,Telecommunications Service Provider,269,4.5,www.textrequest.com
electronics_technology,ProxyRack,Internet Service Provider,222,4.5,www.proxyrack.com
electronics_technology,Viperatech,Cryptocurrency Service,210,4.5,viperatech.com
electronics_technology,Bloomerang,Software Company,197,4.5,www.bloomerang.co
electronics_technology,Maxandfix,Electronics Store,184,4.5,maxandfix.com
electronics_technology,GPS Trackit,Computer Accessories Store,168,4.5,gpstrackit.com
electronics_technology,Blurays For Everyone,Video Store,151,4.5,bluraysforeveryone.com
electronics_technology,PillBanana,Software Company,112,4.5,pillbanana.com
electronics_technology,"Middlehost, Inc.",Business to Business Service,98,4.5,middlehost.com
electronics_technology,CallingCards.com,Telecommunications Service Provider,97,4.5,callingcards.com
electronics_technology,LeaseRunner ,Software Company,90,4.5,leaserunner.com
electronics_technology,GoodLeaf Hosting & Development LLC,Web Hosting Company,90,4.5,goodleafdev.com
electronics_technology,InkyDeals,Software Company,84,4.5,www.inkydeals.com
electronics_technology,AYO,Electronics Company,80,4.5,goayo.com
electronics_technology,gravastar.com,Electronics Company,77,4.5,gravastar.com
electronics_technology,EndlessMining™,Web Hosting Company,61,4.5,endlessmining.com
electronics_technology,atomicnetworks.co,Web Hosting Company,49,4.5,atomicnetworks.co
electronics_technology,Foxinthebox,Computer Store,44,4.5,foxinthebox.co.uk
electronics_technology,Wingspan,Software Company,34,4.5,www.wingspan.app
electronics_technology,Redstag Supplies,Appliance Parts Supplier,31,4.5,redstagsupplies.com
electronics_technology,KombDev Computer Support,Computer Repair Service,29,4.5,kombdev.com
electronics_technology,123macpc,Computer Support and Service Company,28,4.5,123macpc.com
electronics_technology,DisputeBee,Software Company,27,4.5,disputebee.com
electronics_technology,Topaz Labs,Computer Accessories Store,45757,4.4,www.topazlabs.com
electronics_technology,Surfshark,VPN Service,21363,4.4,surfshark.com
electronics_technology,Electronic Express,TV store,15414,4.4,electronicexpress.com
electronics_technology,BOSS Revolution,Mobile Network Operator,11213,4.4,bossrevolution.com
electronics_technology,MAGFAST,Electronics Company,7280,4.4,magfast.com
electronics_technology,Phobio,Technical Service,3637,4.4,phobio.com
electronics_technology,EagleSaver.com,Video Game Store,3109,4.4,www.eaglesaver.com
electronics_technology,PhoneIndia.com,Telecommunications Service Provider,2683,4.4,phoneindia.com
electronics_technology,Gadget Gone,Cell Phone Recycling and Unlocking Service,2453,4.4,gadgetgone.com
electronics_technology,Independanceroyale,Electronics & Technology,1829,4.4,www.independanceroyale.com
electronics_technology,Dialpad,Phone and Internet Service,1813,4.4,dialpad.com
electronics_technology,SoftwareDiscountUSA.com,Computer Software Store,1633,4.4,softwarediscountusa.com
electronics_technology,ABC Legal Services,Legal Services,1586,4.4,abclegal.com
electronics_technology,TickTalk,Electronics Company,1497,4.4,myticktalk.com
electronics_technology,CleanFreak.com,Cleaning Products Supplier,1421,4.4,www.cleanfreak.com
electronics_technology,TollFreeForwarding.com,Telecommunications Service Provider,1371,4.4,tollfreeforwarding.com
electronics_technology,PhotonLight.com,Electrical Appliance Wholesaler,1343,4.4,www.photonlight.com
electronics_technology,ScratchMonkeys.com,Video Game Store,1286,4.4,scratchmonkeys.com
electronics_technology,Alto,Investment Company,1200,4.4,altoira.com
electronics_technology,Twigby,Telecommunications Service Provider,1200,4.4,www.twigby.com
electronics_technology,MasterWriter,Electronics & Technology,1195,4.4,masterwriter.com
electronics_technology,LlamaColombia.com,Mobile Network Operator,1118,4.4,llamacolombia.com
electronics_technology,Ioffer Movies,Internet Shop,1081,4.4,ioffer-movies.com
electronics_technology,Wellbots,Smart Shop,953,4.4,www.wellbots.com
electronics_technology,issuu,Magazine Store,940,4.4,www.issuu.com
electronics_technology,Alignable,Business Networking Company,865,4.4,alignable.com
electronics_technology,Bunker,Insurance Broker,809,4.4,buildbunker.com
electronics_technology,Triton Datacom Online,Computer Networking Center,808,4.4,www.tritondatacomonline.com
electronics_technology,OnSIP,Conference Calling Service,690,4.4,onsip.com
electronics_technology,Petcube,Pet Store,690,4.4,petcube.com
electronics_technology,LandlordStation,Software Company,601,4.4,www.landlordstation.com
electronics_technology,Neothek.com,Business to Business Service,597,4.4,www.neothek.com
electronics_technology,TopUp,Telecommunications Service Provider,545,4.4,topup.com
electronics_technology,Webshare Proxy,Web Hosting Company,539,4.4,webshare.io
electronics_technology,800.com,Telemarketing Service,524,4.4,800.com
electronics_technology,PDFRun.com,Software Company,512,4.4,pdfrun.com
electronics_technology,Connection,Electronics Store,474,4.4,connection.com
electronics_technology,Hubstaff,Software Company,440,4.4,hubstaff.com
electronics_technology,PandaDoc,Software Vendor,438,4.4,pandadoc.com
electronics_technology,TextNow,Electronics & Technology,435,4.4,textnow.com
electronics_technology,Community Phone,Telephone Company,404,4.4,www.communityphone.org
electronics_technology,Toro Tech,Electronics & Technology,400,4.4,toroaudio.com
electronics_technology,Cognito Forms,Web Collaboration Platform,400,4.4,cognitoforms.com
electronics_technology,Lasta: Healthy Weight Loss,Fitness and Nutrition Service,342,4.4,lasta.app
electronics_technology,Restream,Software Company,321,4.4,restream.io
electronics_technology,Centricity,Television Repair Service,301,4.4,centricity.com
electronics_technology,Pollfish Market Research Platform,Software Company,298,4.4,pollfish.com
electronics_technology,Tranya,Hi-fi shop,293,4.4,www.tranya.com
electronics_technology,Flashback Limited,Computer Accessories Store,291,4.4,flashbackltd.com
electronics_technology,SoftwareCW,Software Company,291,4.4,softwarecw.com
electronics_technology,Direct Brand,Appliance Parts Supplier,272,4.4,direct-brand.com
electronics_technology,MemberPress,e-Commerce Solution Provider,269,4.4,memberpress.com
electronics_technology,IDShield,Software Company,230,4.4,idshield.com
electronics_technology,Rainproxy,VPN Service,219,4.4,rainproxy.io
electronics_technology,Indifferent Broccoli,Web Hosting Company,207,4.4,indifferentbroccoli.com
electronics_technology,fastestkey.com,Software Company,202,4.4,www.fastestkey.com
electronics_technology,Maxprog,Software Company,196,4.4,www.maxprog.com
electronics_technology,SKY by Gramophone,Electronics Store,194,4.4,www.skybygramophone.com
electronics_technology,Voiply,Telephone Company,193,4.4,voiply.com
electronics_technology,Supercraft,Video Game Rental Service,183,4.4,supercraft.host
electronics_technology,Perixx ,Computer Accessories Store,179,4.4,perixx.com
electronics_technology,Partshnc,Appliance Parts Supplier,111,4.4,partshnc.com
electronics_technology,SIGNiX,Notary Public,92,4.4,www.signix.com
electronics_technology,QR TIGER QR Code Generator,Marketing Agency,61,4.4,www.qrcode-tiger.com
electronics_technology,Primevolve,Electronics Store,57,4.4,primevolve.com
electronics_technology,trutrade.io,Software Company,57,4.4,trutrade.io
electronics_technology,stape.io,Software Company,53,4.4,stape.io
electronics_technology,Billigerhost,Cloud Computing Service,43,4.4,billigerhost.com
electronics_technology,SmartphonesPLUS,Electronics Store,43,4.4,www.smartphonesplus.com
electronics_technology,Crowdbotics,Business Development Service,34,4.4,www.crowdbotics.com
electronics_technology,StrikeRDP,Web Hosting Company,34,4.4,strikerdp.com
electronics_technology,shortlistd.io,Software Company,28,4.4,shortlistd.io
electronics_technology,Taskrabbit North America,Computer Accessories Store,27961,4.3,taskrabbit.com
electronics_technology,Driver Easy,Software Vendor,20427,4.3,www.drivereasy.com
electronics_technology,eTopUpOnline.com,Electronics & Technology,12162,4.3,etopuponline.com
electronics_technology,Cellulardata Ubigi,Internet Provider,7827,4.3,cellulardata.ubigi.com
electronics_technology,RC Willey,Electronics Store,6654,4.3,rcwilley.com
electronics_technology,iStripper,Computer Accessories Store,6498,4.3,www.istripper.com
electronics_technology,iPostal1,Software Company,5935,4.3,ipostal1.com
electronics_technology,DLGAMER,Computer Accessories Store,5171,4.3,www.dlgamer.com
electronics_technology,C2G,Computer Accessories Store,4725,4.3,www.cablestogo.com
electronics_technology,GUNNAR Optiks,Video Game Store,4684,4.3,gunnar.com
electronics_technology,cellhelmet,Electronics Store,3611,4.3,cellhelmet.com
electronics_technology,TorGuard,VPN Service,3501,4.3,torguard.net
electronics_technology,MoneyDolly,Software Company,2169,4.3,moneydolly.com
electronics_technology,TelephoneNigeria.com,Phone and Internet Service,1141,4.3,telephonenigeria.com
electronics_technology,Heavys Headphones,Electronics Store,886,4.3,www.heavys.com
electronics_technology,PhoneClub.com,Telecommunications Service Provider,754,4.3,phoneclub.com
electronics_technology,dotcards.net,Software Company,622,4.3,dotcards.net
electronics_technology,SalutHaiti.com,Telecommunications Service Provider,583,4.3,saluthaiti.com
electronics_technology,DesignMantic,Business to Business Service,505,4.3,www.designmantic.com
electronics_technology,Roccat,Computer Accessories Store,373,4.3,roccat.com
electronics_technology,BuddyBoss,Software Company,362,4.3,buddyboss.com
electronics_technology,FontBase,Software Company,346,4.3,fontba.se
electronics_technology,Ninjacators LLC,Software Company,290,4.3,ninjacators.com
electronics_technology,dekoniaudio.com,Electronics & Technology,275,4.3,dekoniaudio.com
electronics_technology,Dimension Waste Management,Logistics Service,275,4.3,getdimension.com
electronics_technology,ONKRON,Computer Accessories Store,239,4.3,onkron.us
electronics_technology,Fourth Frontier,Electronics Company,206,4.3,fourthfrontier.com
electronics_technology,Electromaker,Electronic Parts Supplier,174,4.3,electromaker.io
electronics_technology,Bestier,Furniture Store,171,4.3,bestier.net
electronics_technology,Pixsy,Small Claims Assistance Service,171,4.3,pixsy.com
electronics_technology,ElevenLabs,Software Company,165,4.3,elevenlabs.io
electronics_technology,Lost Highway Media ,Movie Streaming Service,139,4.3,losthighway-media.com
electronics_technology,Minitab,Software Company,124,4.3,minitab.com
electronics_technology,Qeepsake,Technical Service,115,4.3,qeepsake.com
electronics_technology,Salesgenie,Business Development Service,107,4.3,dataaxlegenie.com
electronics_technology,8fig - Scale Smarter ,Investment Company,106,4.3,8fig.co
electronics_technology,Tecisoft,Computer Store,78,4.3,tecisoft.com
electronics_technology,Jooki | Music & Stories Player for Kids,Toy Manufacturer,64,4.3,jooki.com
electronics_technology,CyberChimps,Computer Store,61,4.3,cyberchimps.com
electronics_technology,Vagaro,Software Company,59,4.3,vagaro.com
electronics_technology,The Range Hood Store,Appliance Store,58,4.3,therangehoodstore.com
electronics_technology,Proxies.fo,VPN Service,47,4.3,proxies.fo
electronics_technology,StockX,Collectibles Store,123696,4.2,stockx.com
electronics_technology,HughesNet,Internet Service Provider,81628,4.2,hughesnet.com
electronics_technology,MoonPay,Cryptocurrency Service,81443,4.2,moonpay.com
electronics_technology,NordVPN,Internet Service Provider,29633,4.2,nordvpn.com
electronics_technology,A4C,Electronics Store,16293,4.2,www.a4c.com
electronics_technology,Total Adblock,Computer Service,13646,4.2,totaladblock.com
electronics_technology,SITE123,e-Commerce Solution Provider,8445,4.2,site123.com
electronics_technology,IPVanish,VPN Service,8371,4.2,www.ipvanish.com
electronics_technology,Motif Photos,Photo Shop,8001,4.2,motifphotos.com
electronics_technology,Mimeo Photos,Photo Shop,7050,4.2,mimeophotos.com
electronics_technology,Hello Mobile,Telecommunications Service Provider,3301,4.2,hellomobile.com
electronics_technology,4K Download,Software Vendor,1468,4.2,4kdownload.com
electronics_technology,DianhuaChina.com,Phone and Internet Service,1235,4.2,dianhuachina.com
electronics_technology,JOBY,Electronics & Technology,1178,4.2,joby.com
electronics_technology,JOURNEY OFFICIAL,Computer Accessories Store,929,4.2,journeyofficial.com
electronics_technology,VR WAVE,Computer Accessories Store,915,4.2,vr-wave.store
electronics_technology,ON1,Software Company,898,4.2,www.on1.com
electronics_technology,Dynadot,Web Hosting Company,862,4.2,dynadot.com
electronics_technology,Resilio - Resilio Sync,Computer Accessories Store,847,4.2,www.resilio.com
electronics_technology,Simply Bits,Internet Service Provider,830,4.2,www.simplybits.com
electronics_technology,SIONYX,Camera Store,763,4.2,www.sionyx.com
electronics_technology,Hotspot Shield,Computer Accessories Store,743,4.2,www.hotspotshield.com
electronics_technology,Billo,Internet Marketing Service,393,4.2,billo.app
electronics_technology,NT Electronics,Computer and Accessories Store,383,4.2,ntelectronic.com
electronics_technology,ai-pro.org,Software Company,378,4.2,ai-pro.org
electronics_technology,Glide,Business to Business Service,368,4.2,www.glideapps.com
electronics_technology,Ultrahost,DNS Provider,237,4.2,ultahost.com
electronics_technology,TREBLAB,Electronics & Technology,234,4.2,treblab.com
electronics_technology,Best Bike Advice,Software Company,223,4.2,bestbikeadvice.com
electronics_technology,Circleboom,Software Company,193,4.2,circleboom.com
electronics_technology,LlamaHonduras,Telecommunications Service Provider,142,4.2,llamahonduras.com
electronics_technology,WixGear.com,Cell Phone Accessory Store,129,4.2,wizgear.com
electronics_technology,orgkeys.com,Computer Software Store,127,4.2,orgkeys.com
electronics_technology,Typhur,Electronics Company,117,4.2,typhur.com
electronics_technology,Mighty Networks,Web Collaboration Platform,111,4.2,mightynetworks.com
electronics_technology,Output,Software Company,106,4.2,www.output.com
electronics_technology,Answering Service Care,Call Center,79,4.2,answeringservicecare.com
electronics_technology,WeCellTrade,Cell Phone Recycling and Unlocking Service,57,4.2,wecelltrade.com
electronics_technology,Podia,Software Vendor,57,4.2,podia.com
electronics_technology,Baselane,Accounting Software Company,51,4.2,baselane.com
electronics_technology,Clark Audio,Software Company,40,4.2,clarkaudio.com
electronics_technology,Officekeyse,Computer Software Store,36,4.2,officekeyse.com
electronics_technology,One Source Process,Legal Services,33,4.2,onesourceprocess.com
electronics_technology,Toluna,Market Researcher,32872,4.1,www.toluna.com
electronics_technology,TruConnect,Telecommunications Service Provider,21370,4.1,truconnect.com
electronics_technology,StorageTreasures.com,Warehouse,16684,4.1,storagetreasures.com
electronics_technology,Assurant,Electronics & Technology,16610,4.1,assurant.com
electronics_technology,Namecheap,Web Hosting Company,14377,4.1,www.namecheap.com
electronics_technology,Repairpartsusa,Electronics & Technology,6292,4.1,repairpartsusa.com
electronics_technology,Rev.com,Media Company,6276,4.1,www.rev.com
electronics_technology,CyberPowerPC,Electronics Store,4816,4.1,www.cyberpowerpc.com
electronics_technology,Unity Wireless,Telecommunications Service Provider,4112,4.1,gounitywireless.com
electronics_technology,soundcore by Anker,Electronics Store,2621,4.1,www.soundcore.com
electronics_technology,Mouser Electronics,Electrical Wholesaler,2479,4.1,www.mouser.com
electronics_technology,PrivadoVPN,VPN Service,2345,4.1,privadovpn.com
electronics_technology,BusyKid,Alternative Financial Service,1968,4.1,busykid.com
electronics_technology,Resumebuild,Software Company,1806,4.1,resumebuild.com
electronics_technology,Earn Haus,Software Company,1758,4.1,earnhaus.com
electronics_technology,My Passport Photos,Photo Shop,1707,4.1,mypassportphotos.com
electronics_technology,Allconnect.com,Internet Service Provider,1470,4.1,www.allconnect.com
electronics_technology,InMotion Hosting,Web Hosting Company,1438,4.1,www.inmotionhosting.com
electronics_technology,FanShield,Travel Insurance Company,967,4.1,fanshield.com
electronics_technology,Rise Broadband,Internet Service Provider,924,4.1,risebroadband.com
electronics_technology,Ucraft,Cloud Computing Service,615,4.1,www.ucraft.com
electronics_technology,Targus,Computer Accessories Store,412,4.1,targus.com
electronics_technology,SIMS 4 USA,Telecommunications Service Provider,296,4.1,sims4usa.com
electronics_technology,Loop Mobile,Electronics Store,292,4.1,loop-mobile.com
electronics_technology,heyabby.com,Agricultural Service,292,4.1,heyabby.com
electronics_technology,SaveGadget.com LLC,Cell Phone Recycling and Unlocking Service,216,4.1,savegadget.com
electronics_technology,Geoforce,GPS Supplier,208,4.1,geoforce.com
electronics_technology,TherapyAppointment,Software Company,189,4.1,therapyappointment.com
electronics_technology,HomeSafe,Appliance Repair Service,181,4.1,homesafe.com
electronics_technology,Eartune,Hi-fi shop,159,4.1,eartune.com
electronics_technology,BuyBack Engineer,Electronics Store,131,4.1,buybackengineer.com
electronics_technology,Sortly,Electronics & Technology,131,4.1,sortly.com
electronics_technology,Torraslife,Cell Phone Accessory Store,117,4.1,torraslife.com
electronics_technology,UNIXSurplus,Computer and Accessories Store,48,4.1,unixsurplus.com
electronics_technology,FirmRoom Virtual Data Room,Software Company,30,4.1,firmroom.com
electronics_technology,SA Company,Electronics & Technology,60388,4.0,safishing.com
electronics_technology,Swann Security,Security Equipment Store,6429,4.0,swann.com
electronics_technology,Gazelle,Cell Phone Store,6384,4.0,www.gazelle.com
electronics_technology,Rangemaster,Appliance Store,5743,4.0,rangemaster.co.uk
electronics_technology,Ticketmaster,Electronics & Technology,2064,4.0,ticketmaster.ca
electronics_technology,Renpho,Fitness Equipment Store,1854,4.0,renpho.com
electronics_technology,Parallels,Software Company,1673,4.0,parallels.com
electronics_technology,Findigs,Software Company,1311,4.0,findigs.com
electronics_technology,PrePass,Software Company,1141,4.0,prepass.com
electronics_technology,Getpconline,Computer Software Store,895,4.0,getpconline.com
electronics_technology,Sav,e-Commerce Service,845,4.0,www.sav.com
electronics_technology,Dxsabers,Electronics Manufacturer,626,4.0,www.dxsabers.com
electronics_technology,Steals.com,Electronics & Technology,282,4.0,steals.com
electronics_technology,Storage Parts Direct,Drives and Storage Service,277,4.0,storagepartsdirect.com
electronics_technology,Pcmasters Shop,Software Company,268,4.0,pcmasters-shop.com
electronics_technology,ADV.,Hi-fi shop,244,4.0,www.adv-sound.com
electronics_technology,EndNote,Software Company,206,4.0,endnote.com
electronics_technology,Servify,Technical Service,198,4.0,servify.tech
electronics_technology,Spaceship.com,DNS Provider,196,4.0,spaceship.com
electronics_technology,Gabb,Music Store,160,4.0,gabb.com
electronics_technology,Linsoul,Home Audio Store,150,4.0,www.linsoul.com
electronics_technology,Facilitron,Software Company,103,4.0,facilitron.com
electronics_technology,SendOwl,Software Company,87,4.0,www.sendowl.com
electronics_technology,Shipped,Shipping Service,80,4.0,shippedapp.co
electronics_technology,PerfectPrime,Smart Shop,71,4.0,perfectprime.com
electronics_technology,racktodoor.com,Electronics Store,69,4.0,racktodoor.com
electronics_technology,Madalyn Auctions,Used Appliance Store,50,4.0,madalyn.pro
electronics_technology,Sugarsweeps,Online Casino or Bookmaker,46,4.0,www.sugarsweeps.com
electronics_technology,UltraFix Appliance Repair ,Appliance Repair Service,26,4.0,ultrafixappliance.com
electronics_technology,PDFSimpli,Software Company,71874,3.9,pdfsimpli.com
electronics_technology,eufy by Anker,Vacuum Cleaner Store,8455,3.9,eufylife.com
electronics_technology,Crucial.com,Computer Store,6860,3.9,www.crucial.com
electronics_technology,Cardo Systems,Electronics Manufacturer,1745,3.9,cardosystems.com
electronics_technology,Fonus,Phone and Internet Service,444,3.9,fonusmobile.com
electronics_technology,SENA Cases,Cell Phone Accessory Store,366,3.9,senacases.com
electronics_technology,Atlys,Software Company,362,3.9,atlys.com
electronics_technology,Hard Disk Direct,Computer Store,208,3.9,harddiskdirect.com
electronics_technology,Deliverect,Business to Business Service,202,3.9,www.deliverect.com
electronics_technology,"Tempest Hosting, LLC.",Cloud Computing Service,160,3.9,tempest.net
electronics_technology,partsfe.com,Appliance Parts Supplier,153,3.9,partsfe.com
electronics_technology,Bravado,Software Company,117,3.9,bravado.co
electronics_technology,RentRedi,Software Company,104,3.9,rentredi.com
electronics_technology,Celulibre.com,Electronics Store,85,3.9,celulibre.com
electronics_technology,Passpack,Computer Consultant,63,3.9,www.passpack.com
electronics_technology,Dedicated.com,Phone and Internet Service,41,3.9,dedicated.com
electronics_technology,Gravity Forms,Software Company,31,3.9,gravityforms.com
electronics_technology,Redstrikers,Software Company,26,3.9,redstrikers.com
electronics_technology,ZiCASE,Cell Phone Accessory Store,26,3.9,zicase.com
electronics_technology,CASETiFY,Cell Phone Accessory Store,100548,3.8,casetify.com
electronics_technology,Rebtel,Phone and Internet Service,9399,3.8,www.rebtel.com
